,2HRW-USG-A1,2SRW-USG-A1,JCI-WHT-SHHAI,JCI-WHT-GZHOU,BRSB-APW1-CY1,ALBN-AGP1-CY1,ALBN-ASW1-CY1,ALBN-AUH2-CY1,W-FOBROUEN-P1,W-RENLPL-P1,W-FOBBLTNC-E14,W-NGP-308,KTS-W11UABS-FOB,KTS-W12UABS-FOB,KTS-W11RUBS-FOB,KTS-W12RUBS-FOB
2020-09-15,253.2194497334882,250.96703535541016,366.7587243326615,372.67737418497404,210.9493494640705,204.24419559885916,212.07136113592568,210.05734147969542,226.32306481444687,224.24568931956307,242.61809083121423,375.04149319975403,228.17031462106706,228.3448554365796,228.2647046985812,228.03906927075744
2020-09-16,253.02078204866646,250.85912147356743,366.92306342028076,372.7879879260525,210.73211138825891,204.0045246871459,211.86234868889673,209.7514310049091,226.42767287503835,224.3202876619312,244.54413570735775,375.0350598792923,228.64370967512124,229.2286685661953,228.89034633752632,228.50361650648594
2020-09-17,253.29045292992618,251.47634444299786,367.1638353217096,372.9802309008415,210.07650522854897,203.41846215964233,210.946499301236,209.1857148106011,226.13593664920072,224.36617895750052,244.38352994874808,375.6296778661429,228.73909256996603,229.35639607308414,229.01522652448577,228.58243173200495
2020-09-18,254.3025157654338,252.1281540239475,367.54257873361604,373.3935520525876,206.09728205619268,203.32445241326909,210.9385277846738,208.91726231967021,226.73673720781306,224.72307398747418,244.96519574291844,376.1411101071797,229.42699525352432,230.00548390144326,229.9148640703387,229.23649721702972
2020-09-19,254.547874725711,252.45910346337286,367.79489605034354,373.65948918760756,205.27441084206652,204.18594391578873,212.16392769792313,209.04284869781068,227.0918134442601,224.9963188126755,242.92854645905427,376.39648858258744,229.87079562262957,230.20483417759388,230.33212098625702,229.53986638397564
2020-09-20,254.5342445613603,252.51836005169798,368.10669102882025,374.0399654675922,205.5052353749311,203.98495989047822,211.8869624902299,208.84481144600792,227.1611197185826,224.9669545986599,245.60409840840757,376.5193594379727,231.44001595555113,231.12514511642215,230.88834488905212,230.15979552332197
2020-09-21,254.76099851882347,252.9610630235068,368.31494341312674,374.2362472561576,205.47116099169165,203.1988112668941,210.6884800468124,208.24310182319405,226.93688204700007,225.0383458590104,245.24306298079452,376.9867696993542,231.7675718079061,231.27334571440997,230.90954794912437,230.21887823481546
2020-09-22,254.82598972957217,253.0899803189788,368.64628457236523,374.55855961826796,202.22478105664803,203.0052781631479,210.39602756505698,208.03084755595626,227.34888587608833,225.44224731266425,245.79933394170035,377.55947285071204,232.63626093682694,231.7936622511308,231.67488673675498,230.67198366332028
2020-09-23,254.83710166818835,253.55385141493784,368.86536943109985,374.7631475398049,201.62619485607036,203.20723745853616,210.26659473550447,208.15517577070347,227.8822376650645,225.9519290701198,244.22264787063844,377.7969449103863,232.88268646020197,231.99072488048756,231.97085089170272,230.63180538015337
2020-09-24,254.56112988106827,253.50243984343157,369.10031019559835,374.91559776638627,201.9351733527812,203.2735270539712,210.4795047203626,207.9228632104682,227.79008077117504,225.82994959777577,246.36426529089118,377.8127212708608,233.378143213145,232.63967723108794,232.4485610946753,231.01799404824595
2020-09-25,254.95281151872635,253.89049109214005,369.30995701074426,375.18176606917797,202.10140256062533,202.00317447797673,208.80293815894487,207.35034863273287,227.54301426981004,225.94250272456085,246.09847825914775,378.4263434761494,233.4285683886904,232.5836193264244,232.36067888919857,230.87473020060168
2020-09-26,255.9540733582184,253.88505039661683,369.6785433008336,375.6864850236554,199.5464757531893,201.900824325456,208.70540186475804,207.12610752438002,228.0199583689059,226.25244365845418,246.43277121338306,378.9466958918684,234.40069536393057,233.05990231256445,232.94348482003448,231.31002511694072
2020-09-27,256.155996108245,254.35983597217322,369.9247691907186,375.93010367617813,199.53930491955614,201.94109650669807,208.3941820782882,207.247235871315,228.58418447378605,226.65953173099237,245.28466022021377,379.1662606012995,234.73271830285552,233.21018119433668,233.21921974690457,231.4338482773233
2020-09-28,256.08107515147304,253.9532079350277,370.1623597582471,376.19636831373134,199.38668342490223,201.74187548511267,208.11094341596754,207.02432922819585,228.38901342441946,226.4907790271968,246.96049758173882,379.1801904896536,235.89132711728223,234.00653433156555,233.73189642980978,231.92746393653127
2020-09-29,256.3824392890134,254.4414621601519,370.3725528690805,376.44463697976573,199.0922046549164,200.96882419229755,207.526441010383,206.44902373815762,228.0618384497174,226.41755724232542,246.56975267038302,379.7725552656564,236.31890385172434,234.061816204851,233.56980655741796,231.8997199911205
2020-09-30,256.7811195572626,254.94053221506925,370.7555562853299,376.87451435668316,197.0668878508932,200.75107548949313,207.2046682190051,206.22894370126832,228.67783437393527,226.96202836876188,247.33517937463628,380.2593331536871,236.94660974717203,234.5630964440794,234.07487605909182,232.3566422219579
2020-10-01,256.864011509596,255.4404665609427,370.9828646309887,377.10772659477243,197.2523041773487,200.85377380751078,206.91938705698226,206.34942358575722,229.1385679951411,227.42560619385432,246.4202957313854,380.4762791042936,237.3260161038168,234.7404965118358,234.29014694967046,232.39899046931097
2020-10-02,256.6619634269621,255.01663141602776,371.16500139046457,377.3663036568842,196.91235457597853,200.8404512257044,206.87852600272205,206.13054133394692,229.0281419542408,227.29656955351697,247.9271855701397,380.48118860887365,238.13170336836083,235.45327411575863,234.71702716643267,232.84143692866522
2020-10-03,256.9566157085777,255.53882211692124,371.38536788603784,377.61325193272205,196.37465906079007,200.08454166822938,206.41398932703513,205.55650244291462,228.64487369199188,227.28334419858643,247.47802675687058,381.0822747901651,238.05870294099134,235.44066457442486,234.5697660509043,232.7541036994166
2020-10-04,257.70821345606015,256.22314978859237,371.8019986963784,378.04341007292356,194.27660995353293,199.96294714139447,206.24685732589987,205.3387870527977,229.36054662626702,227.75141057493576,248.47978655094215,381.56366318974597,238.6395810615812,235.93154865297691,235.17555331415323,233.20282343551992
2020-10-05,257.87744949088227,256.717171151016,372.04691425064436,378.27702047503817,194.24870103520848,200.1137688057614,206.02516149356958,205.45885698739463,229.83504208244713,228.1868380716906,247.41063804242538,381.78258921515834,238.97317880162493,236.0940482987684,235.46059278413915,233.28788893414273
2020-10-06,257.72783972197584,256.3357737874959,372.2620582937994,378.53626089526153,194.00911404381708,199.9508777466095,205.6238067430767,205.24060211463566,229.77495521980387,228.06021065683117,249.14069809499654,381.79474260376253,239.96189429631883,236.86494178169522,235.9565091159611,233.75962847042348
2020-10-07,258.1000828056852,256.8560141678298,372.4782611984714,378.78392739351153,193.53943972413285,199.3038735498674,205.536950552686,204.66947489433306,229.4800800252656,228.04949947546208,248.72653017427015,382.3878853770229,240.13733418006342,236.89378797281435,235.85467794284563,233.70275747457936
2020-10-08,258.6624277966963,257.4453073109066,372.8784488731135,379.21540034246055,191.12708884696835,199.10877800596444,205.20363944039758,204.45262341141714,230.06444668506302,228.52067570407644,249.64626235120699,382.8746011689738,240.74870310974254,237.395853390729,236.4936504215405,234.158433889453
2020-10-09,258.76963987287024,257.93194772677487,373.11484323729496,379.4497282340424,190.92028744800794,199.15779492712767,205.03798494737612,204.5721770673195,230.53934659214906,228.9690957175066,248.38202119131049,383.09580047594034,241.1092600150827,237.56906629206506,236.76124083175264,234.22181842505603
2020-10-10,258.5705730257038,257.59022252833836,373.3128881303235,379.70976975167457,190.82467876395273,198.9831439682743,204.6790293537249,204.35490542632365,230.4716300392048,228.84082312271303,250.29960781685057,383.10880973009586,242.01895570005885,238.3119261765807,237.2301482297581,234.68116169747526
2020-10-11,258.880591034716,258.1015518168172,373.53232964420886,379.9582030996448,190.51332228904243,198.3637324426602,204.54427781646112,203.7862551225096,230.19177191942737,228.83992423031003,249.9108075262485,383.7048425925129,242.0726428277776,238.31568956215986,237.12135123349796,234.60812208456593
2020-10-12,259.63445294006783,258.67184440171104,373.94328944249514,380.39101330885586,188.04560156749517,198.18021271611252,204.30021496281785,203.57035840498133,230.74750690963592,229.2991019659458,250.70932104138458,384.1962228386115,242.67636585161222,238.8158131088421,237.7447945696809,235.0629103040456
2020-10-13,259.8016399217051,259.16341019963016,374.18539462794394,380.626067512372,187.82561607151328,198.31829477161443,204.50483591253854,203.68940063864954,231.2392301265599,229.74365430290865,249.40389052333623,384.41855776278754,243.0279337826853,238.98416071556704,238.02887335561348,235.13794061596752
2020-10-14,259.6524936986473,258.8225702392337,374.39367334490197,380.88691513992177,187.77303570995815,198.10732458823094,204.05104223070822,203.47312537237218,231.14925011682408,229.6112992000844,251.34037589078264,384.4323074532415,243.98831635442102,239.75142396831558,238.53363699987383,235.60647372872634
2020-10-15,260.0099066211277,259.33011688231954,374.61231621382296,381.1361186422916,187.5301697639635,197.55857343307935,203.883084831296,202.90690954448473,230.8598165166058,229.60149116836897,250.96515603590998,385.0300398792081,244.10340254714475,239.77057322167815,238.40739129617063,235.54139846882566
2020-10-16,260.5753258052979,259.8491426378165,375.01920498526323,381.5702706076191,185.18705292518908,197.36399283954606,203.59452621370986,202.69197086177255,231.4312608241107,230.07343416976698,251.7026034297219,385.5238719199461,244.71841107719482,240.2767642105947,238.99736890241277,235.99936928332505
2020-10-17,260.68689742609445,260.3413051436735,375.259259388612,381.8060535044919,185.05606305187274,197.53043175004126,203.81933238697326,202.81050398655157,231.92286958378654,230.52249264392384,250.45784143960728,385.7469051322741,245.07881343010604,240.44973134580553,239.2515534874818,236.06879735084013
2020-10-18,260.4882448234197,259.98741856380417,375.46286256731594,382.0677097896877,184.9531165768554,197.36033589426384,203.52565970823915,202.59516430895863,231.82656235816125,230.39076123738343,252.3190266528634,385.7602195692775,246.0258012619738,241.20954703611133,239.7198153053873,236.5353586551583
2020-10-19,260.8113134464998,260.5004193957743,375.68291214276326,382.31768585213706,184.67027317130265,196.74243835934377,203.00264015401405,202.031397099806,231.5231656449061,230.38234453905187,251.9285895029034,386.3607244491332,246.1116846704327,241.2194679311545,239.58735048110645,236.46575559178757
2020-10-20,261.55808951649453,261.0611847707002,376.09383297747576,382.753183739958,182.468843577591,196.5659467416114,202.78089858919535,201.81738807353832,232.11800833477216,230.85379250383858,252.71036867105926,386.8560348378579,246.72867549121347,241.72688437236292,240.19819169380474,236.924812818813
2020-10-21,261.7209184800612,261.5589945000825,376.3360741336145,382.9896975917485,182.39413199603928,196.7222220748693,202.97258882064702,201.93541095540334,232.60425651526657,231.30298780608916,251.52262108090756,387.0797174361302,247.08913150208036,241.8987120624042,240.4768938278908,236.99756735080243
2020-10-22,261.56627891035873,261.2000108312132,376.54313847719527,383.2521650424693,182.24645113635736,196.5286606778702,202.65253878665027,201.72100067075476,232.51616020185236,231.17104433076796,253.3344961827811,387.09297191599234,248.0545225073193,242.67049801260865,240.97429488542772,237.46794479842583
2020-10-23,261.9208911242655,261.71613093802944,376.7633943695266,383.50291606037797,181.9149263085495,195.9063821664997,202.07446517508654,201.15966758773322,232.21095469026474,231.16234484136513,252.93065424364764,387.69555091234207,248.15603608278542,242.68616283879356,240.85269448971698,237.40027799270172
2020-10-24,262.50992012238555,262.2695782346199,377.17393166103733,383.9397640433435,179.76069122052277,195.71757884551505,201.81950948875675,200.94658226874276,232.81011584771127,231.63591740743354,253.7646058313579,388.19232638259996,248.77967456238292,243.19777969739312,241.474421513561,237.86151735203813
2020-10-25,262.6281836437172,262.76795372372516,377.4160507673788,384.1770111161483,179.6755549517797,195.86344285769837,201.9298230074712,201.06409625401304,233.2974823966581,232.08720238100346,252.57369357693386,388.41674415982203,249.14456513555348,243.37198097622243,241.7434267208419,237.932978719073
2020-10-26,262.4338769716851,262.4064569870177,377.622139766125,384.4402922471216,179.5282730457952,195.69092885076432,201.71392543513346,200.8506120997774,233.21381773192047,231.95494845463443,254.40206738172185,388.4299869163943,250.11272498923444,244.14397145310127,242.2251077814046,238.40418762405477
2020-10-27,262.7619355450605,262.92630162367107,377.8432596626638,384.69182062295056,179.1924786618929,195.05698691497324,201.06113818497613,200.2917009885052,232.9147696605747,231.94696331378935,253.99511788313947,389.0346692659732,250.20769827833948,244.15627418990653,242.10391146047016,238.3351098376886
2020-10-28,263.49341377620544,263.49708611866487,378.255827634399,385.1300228865179,177.02657346097348,194.87894012626234,200.8471800997017,200.07953555499603,233.5047465268037,232.4211758441931,254.84364263632767,389.53308516092176,250.83573952117536,244.67031196876633,242.73298797668213,238.7979750344497
2020-10-29,263.6518782253657,263.99875588514925,378.49908737349995,385.36800545341026,176.9102480975811,195.03844852282347,200.895935357416,200.19654264566643,233.994720856793,232.87369885977273,253.61913169611424,389.7582808467705,251.20293427228017,244.84476025738732,243.01587639982904,238.87053592497915
2020-10-30,263.4910699750233,263.6381921636625,378.70662406876255,385.6321027871417,176.7868486890018,194.86933068859747,200.65483278086967,199.98397982184784,233.90942816235523,232.74082420149574,255.48766340717322,389.7716009871629,252.18169594637817,245.62415709038035,243.51920845950428,239.34413215165125
2020-10-31,263.8457083447073,264.15951152068067,378.92825195794506,385.88441093079246,176.47690130163377,194.2353547076768,200.08186720612505,199.4274803899817,233.61117861839685,232.73247470647647,255.0840691853363,390.37832120356103,252.28110719560414,245.63863723029914,243.3952664912336,239.27537422337628
2020-11-01,264.45660673809635,264.7217524481056,379.3415387115112,386.3239716733929,174.31300090210692,194.0569996147721,199.84069617730455,199.21623051481694,234.19979930236642,233.20873043917965,255.91834328228563,390.87847067433273,252.91472551654792,246.15620848680808,244.0153823021304,239.74016404584557
2020-11-02,264.58050877563784,265.22481071117045,379.58525328560245,386.5626920144918,174.18547588384965,194.20378861439625,199.79804179911002,199.33273279340162,234.6924933788404,233.66293864915116,254.67043827561153,391.104453637175,253.2853156661143,246.33220752704247,244.28587523847878,239.81258775683028
2020-11-03,264.38886982111967,264.8624668662187,379.7929183704625,386.82760808130683,174.07712434827366,194.04060005714646,199.56630947785024,199.12108715880078,234.60456570064707,233.5296297642813,256.56223874019594,391.1178307116888,254.2709030592736,247.1146759120465,244.7745089802782,240.28777713650157
2020-11-04,264.72214292251897,265.38634743594815,380.01525129123854,387.08069841015254,173.78816829913256,193.39990679167434,199.05821514176677,198.56698896192526,234.30397813871772,233.52129103232753,256.1608844265774,391.7266420690259,254.36933095531006,247.12796489027608,244.64632026261407,240.218441608863
2020-11-05,265.4445257082635,265.95582010602214,380.4299777984876,387.5216218432321,171.66076433990287,193.2238817168469,198.82733273374794,198.35665060562752,234.89658227480396,233.99909206357407,256.98216814201896,392.2285387936498,255.00800960489588,247.64842328529957,245.27323659326026,240.68501231752114
2020-11-06,265.6000752621268,266.4617870981203,380.6745244481074,387.7610822457251,171.54393299512927,193.3651067468626,198.80067734479667,198.47265021420083,235.39040642453074,234.45477420029624,255.73232614915304,392.4553058563635,255.38149285064455,247.82519040280644,245.5546681230407,240.75794063846263
2020-11-07,265.434583084751,266.09806342806195,380.88304032985894,388.0268195837935,171.43393108861565,193.19656667001746,198.51618520960798,198.26191780828012,235.30191806870337,234.32101708989117,257.6249858126689,392.4687341269296,256.3758740575688,248.61341291942304,246.05838661797233,241.235145366132
2020-11-08,265.7891750870522,266.62407658503196,381.10597360245174,388.2806945227011,171.14825265616892,192.5690106538109,198.1196145168469,197.7102104454073,234.99906758642425,234.31260991690573,257.22161194286264,393.0796466086454,256.47601072297476,248.62756045731942,245.93211923340976,241.1656951167318
2020-11-09,266.41715042227116,267.1923313763085,381.5217517806996,388.72298487076193,169.0704902660211,192.39115756215566,197.87102522067858,197.50077966819262,235.5957131283983,234.7920882363143,258.045641459001,393.58328406513846,257.12007010190405,249.15132967540123,246.56224118526953,241.63413205648735
2020-11-10,266.54556839195664,267.7003344213531,381.7669277951529,388.96318762892724,168.96661504452985,192.53315883016515,197.87420372933727,197.61627876591245,236.09042560008012,235.24934390437804,256.8016501026715,393.8108344078669,257.49673281402954,249.32935130974212,246.83835257865584,241.7072345222465
2020-11-11,266.3555775267854,267.3343417444975,381.9759029937248,389.2297487842873,168.85006041381553,192.36844605709166,197.59118744138854,197.40645563585116,236.00257643241622,235.1151465672794,258.6903742172567,393.824307062961,258.4990349369323,250.12174252981205,247.3343836032584,242.18624727687384
2020-11-12,266.6937175099259,267.8630456651004,382.19949655468724,389.48441076564114,168.56019485080347,191.74529341625527,197.20409533909228,196.85712878683432,235.6989790956221,235.1067504978159,258.2832827345978,394.43733326208815,258.59955861922265,250.13550270773112,247.2077655037398,242.11644110066283
2020-11-13,267.41031845573593,268.4368070166347,382.6165434015481,389.92807226628196,166.52175376613388,191.56998113175626,196.9655096052385,196.64860166642825,236.29725774354912,235.58780288156316,259.11828012684583,394.94270985109455,259.24890550081966,250.66235578190643,247.84501175013756,242.58671109106012
2020-11-14,267.5638208328156,268.9474213026345,382.8624624821274,390.1690196815103,166.42146076294668,191.71319116209744,197.0103348404945,196.76360240943274,236.79339913346544,236.0465927623243,257.8740355355789,395.1710454217679,259.6286441828451,250.84134650300362,248.1295212267916,242.66016045856935
2020-11-15,267.3943486684044,268.5798761664198,383.0721132267748,390.4364072080935,166.3036396362052,191.54646315048478,196.70488356076416,196.55468462707543,236.7057011876597,235.91193453292365,259.7670651727958,395.18456359769755,260.6394006833477,251.63891727431317,248.63782300671048,243.14109978538158
2020-11-16,267.74948164156933,269.11096289451314,383.29633721130995,390.6918586718185,166.01389569875755,190.92792069184992,196.31781192023067,196.00772801930188,236.40185627288892,235.9034987550202,259.3571808661735,395.7997078175677,260.74097549765605,251.6530487348039,248.51096521418393,243.07106088680982
2020-11-17,268.3920919055132,269.68597338068855,383.7145396268412,391.1368955757751,164.00223660428915,190.7520300931992,196.0721145472668,195.80010065413046,237.00087191977318,236.38619680725094,260.20059144008354,396.3068284099359,261.39572182954225,252.18315464003743,249.14764390545818,243.5431921365495
2020-11-18,268.5243146124058,270.19881031189476,383.96114285937256,391.3785899565917,163.89913326189352,190.89264313490784,196.1397116403106,195.9146051915147,237.49866580921014,236.84654890567597,258.94866215395825,396.5359523170206,261.7786261796985,252.36329856692177,249.42745414442982,243.61690071410507
2020-11-19,268.3353790096659,269.82945504815655,384.17135383992434,391.64680641624693,163.78541379247213,190.7261421085583,195.8507705894284,195.70658884977274,237.41050455772415,236.71143430897374,260.85328819363633,396.5495167404776,262.7976755931818,253.16548084777844,249.93037026455178,244.09971654224543
2020-11-20,268.6778503561484,270.3630880114974,384.3962273841533,391.9030498098323,163.50182493787543,190.11048777974514,195.42032387176906,195.1619922551969,237.10589055136742,236.70297237335345,260.4420663093331,397.16678580245724,262.89998327123885,253.17952297329836,249.80143716491472,244.02937950985788
2020-11-21,269.3908567513406,270.94175919665133,384.81565237439514,392.34946638101815,161.5145055704222,189.93544157862752,195.18506879501453,194.95526076254063,237.70643245099458,237.18730224710538,261.28817460860404,397.6756573070797,263.56014004023615,253.71281004239256,250.44278327968598,244.50336849762098
2020-11-22,269.5429583325965,271.4570724212585,385.0629750272014,392.59191004310503,161.4095451815657,190.07705620867304,195.267981601818,195.06927123497374,238.20581111688998,237.64921128042442,260.02707916146545,397.90557257398024,263.94620449630514,253.89400575686565,250.72859005326876,244.5773834021632
2020-11-23,269.37003954174054,271.08612433615605,385.273811818553,392.86095800562316,161.30032999617862,189.91053248211074,194.98501738621326,194.86215244402626,238.1171492743878,237.51363832283158,261.94363554272155,397.9191839655384,264.9737300073284,254.70119214131077,251.2404251827309,245.06211297682972
2020-11-24,269.7261869358707,271.6221832939255,385.499327333402,393.11799578414536,161.02411223130756,189.29879991160632,194.52685010265097,194.31990567941898,237.81144033508136,237.50514462185055,261.53145990635664,398.5385847900712,265.07693838043866,254.7154259282169,251.11147782806228,244.99151001566702
2020-11-25,270.3814678006497,272.20284993761675,385.91994365947505,393.5657962996927,159.0654320161131,189.12429206396345,194.29113935841076,194.11406619360298,238.414060620657,237.99112000861504,262.3781730572574,399.04921390222245,265.74256707126136,255.2519690520915,251.75500208236346,245.46736968649566
2020-11-26,270.5169226507089,272.7205003964225,386.16796962685396,393.80899156591073,158.96226024542403,189.26611093543173,194.3581489083331,194.22758473276497,238.91487948401272,238.4545959723359,261.11070462592085,399.27992334146177,266.1318335206026,255.4342888766705,252.03852843860187,245.54166826813142
2020-11-27,270.3285297298655,272.34777286739535,386.37939912636716,394.07887360904937,158.855126774414,189.10121271761196,194.0938799565114,194.02135961972922,238.82595168162,238.31856428465392,263.0357938158597,399.29358183430935,267.1678486609141,256.2462879424896,252.54761851254707,246.02830368653804
2020-11-28,270.67497598444464,272.8863525857668,386.60556361136685,394.336708235196,158.5839535680091,188.49058690099642,193.6104940593857,193.4814525459726,238.51920484330034,238.31004353481762,262.62216874755933,399.9151219746022,267.27188515833393,256.2605433091749,252.4178486197093,245.95741647122347
2020-11-29,271.38625346760136,273.47010508046304,387.027393648977,394.7858969854966,156.65711158863348,188.31721098676854,193.38084321629398,193.2765012180939,239.12383469796137,238.79766361347862,263.4710745433815,400.4275148986126,267.94302282701165,256.8003284253664,253.06663501313412,246.43515129142608
2020-11-30,271.53748363806045,273.9902043782595,387.27613486227165,395.02984618590784,156.5572813899595,188.45822916686464,193.43103299740102,193.38952994654372,239.6260898197826,239.26270949226415,262.19960848361745,400.6590212285848,268.3355100063228,256.9837390701479,253.35513689343458,246.50974701671558
2020-12-01,271.36156097339193,273.6157706322189,387.4881778103257,395.3005648954159,156.4506530951605,188.29364550656817,193.1678874881964,193.1841946553414,239.53699347578717,239.1262166277642,264.1310753040529,400.6727269370226,269.38011310246077,257.8007149075018,253.87163658954424,246.9983037884137
2020-12-02,271.7190682998997,274.15683938514996,387.71499031412867,395.55919883950924,156.1825686159324,187.68528185048729,192.69370228153625,192.6466171770947,239.22936728916574,239.11766660511552,263.71551181698413,401.29641383775567,269.4850241741263,257.8150961433503,253.7416432869027,246.92714014034541
2020-12-03,272.38542408556145,274.743064573312,388.1380272038621,396.00978012825567,154.28683306621306,187.51240593879123,192.46224557498536,192.4425501749052,239.8357525584633,239.6069397922304,264.56860129397796,401.8105766071934,270.16172052100563,258.3581634858706,254.39241879451498,247.40675900864002
2020-12-04,272.5236555917918,275.2655619898227,388.3874803073116,396.25448560014553,154.18941642964325,187.6524990057908,192.49681947505678,192.55509120606976,240.33950245462185,240.07356205190632,263.2931539666061,402.04288255540996,270.5574589470504,258.5426959640885,254.67953607505913,247.48164665802486
2020-12-05,272.3353948319091,274.8893570043055,388.60012807692755,396.5260435697881,154.08356601172088,187.48898245798947,192.2381388641162,192.35064189728203,240.2501746508452,239.93660662614914,265.2314202004592,402.0566355969586,271.6107072446653,259.3645967136075,255.1948438736254,247.9721282199352
2020-12-06,272.68554373057606,275.4329581397219,388.82759199416404,396.78547930980864,153.81854816037273,186.88295274240525,191.77739463517332,191.81538396277983,239.94169684883497,239.92802782782462,264.8138620339628,402.6824767075322,271.71648054476725,259.37904122829036,255.06365878267172,247.9006824210224
2020-12-07,273.3965727151912,276.02207927224543,389.25184484171075,397.23745745403534,151.95153737855313,186.71099118037966,191.54824412369985,191.61219747057856,240.54978360101566,240.4189588511076,265.67155721201846,403.19841538144834,272.39877957801895,259.9253981977698,255.7186107342981,248.3821919862186
2020-12-08,273.5473496324312,276.54702405885473,389.5020148287653,397.48292154193524,151.85523321056027,186.85075759699293,191.57797176867626,191.7242529087746,241.05505384486443,240.88716231600597,264.39094403415436,403.43152370192445,272.7977942690603,260.111044475894,256.00951150213507,248.45737601852042
2020-12-09,273.3687668436702,276.16908233360243,389.7152748225816,397.7553213735183,151.75106159496698,186.68802113644077,191.31311629141092,191.52068575955371,240.9654339338917,240.74974270439446,266.3373587233215,403.44532423867054,273.8597662145668,260.9379499193046,256.5307052397069,248.94979210126033
2020-12-10,273.72791498842673,276.7152070731094,389.94339118510516,398.0155613951286,151.48999639529072,186.08457151513997,190.87390845702296,190.98773736040735,240.65604586831128,240.74113465563266,265.9180097619246,404.07332698810166,273.96641857336203,260.952496631366,256.3990831691608,248.8780654345373
2020-12-11,274.40410771055974,277.3069738765362,390.3688604014892,398.4689407252534,149.65032414355701,185.91333905271412,190.64282723752638,190.78542757896116,241.26592586866798,241.2337296584954,266.77958683030835,404.5910476862826,274.6543676852558,261.50217079252326,257.0566340365567,249.36147355431515
2020-12-12,274.5447603439109,277.8343527917295,390.61974771960894,398.71516578096305,149.5548340903419,186.05229800861565,190.67335732014803,190.89699951942782,241.77270851563168,241.70351992781366,265.49307171234744,404.8249611517081,275.05668671200635,261.68894665272154,257.34708680718325,249.43695342599085
2020-12-13,274.35630882454416,277.4546438637293,390.8336186027487,398.9884100843585,149.45269107462536,185.89036082922436,190.40652871707138,190.69431072342343,241.682798994185,241.5656346368723,267.44826189752615,404.83880935146686,276.1274511472529,262.52085679433065,257.8682572997579,249.9313105480924
2020-12-14,274.7099465117984,278.0033153364997,391.062389739744,399.249456880927,149.19602983500303,185.28931553197992,189.9786413047613,190.16366189443028,241.37246786292695,241.5569974844326,267.02726428625095,405.4689812006454,276.2349850495149,262.53548288519187,257.73576661703095,249.8593006663721
2020-12-15,275.42189488272373,278.59789678337825,391.4890804949622,399.70424174079244,147.38368099481465,185.1188431465067,189.74895167078938,189.96222504089954,241.9841978792517,242.0512617810723,267.8920973959861,405.9884900816354,276.9286305308185,263.0884897325581,258.397602619541,250.3446146172774
2020-12-16,275.57254892225797,279.12773644623445,391.74068808085786,399.95123012340235,147.28945243969557,185.25707951861918,189.78799055062564,190.0733155698365,242.49248342733478,242.52264411284412,266.5998077430999,406.2232114749641,277.3342807887807,263.2763965373143,258.6912866731146,250.42039238084078
2020-12-17,275.39157387695553,278.74626630646935,391.9551732931139,400.2253215165732,147.18907220474438,185.0956964713579,189.51762867787022,189.87150133712285,242.40230877925836,242.3842915294181,268.56351014865356,406.2371075060743,278.41391219868564,264.1133602000493,259.21751104616834,250.91669876889011
2020-12-18,275.75258921652613,279.2974887513552,392.18460083428323,400.4871775891979,146.93657981470238,184.49743733475108,189.09554639102245,189.3431421560781,242.091042525481,242.37562508740677,268.14084163583897,406.8694559440453,278.52233731584784,264.1280804076082,259.08457273591017,250.844405197263
2020-12-19,276.43765291330425,279.8947985013713,392.61251571746476,400.9433723361131,145.15182940182197,184.32763558485698,188.86585713890025,189.1425744639461,242.70461301901014,242.87156445514398,269.00892815260573,407.39075918855406,279.2217265797304,264.6844429730461,259.74926377076747,251.33163260134546
2020-12-20,276.5804483480914,280.4271010082528,392.86484515891806,401.19112641202724,145.05923863205257,184.4653078207567,188.91140947344266,189.25318565855179,243.21440660772004,243.34454430153852,267.7112840138084,407.6262913010833,279.6307358835197,264.8734909220424,260.0430770279347,251.40770897263846
2020-12-21,276.3915492960781,280.043851389565,393.07994554295664,401.46606752105225,144.96027934494504,184.30466188533578,188.64332900016404,189.05224221555565,243.1239735642472,243.20572284856792,269.68306181671187,407.6402353291473,280.71930685999257,265.71552753133284,260.57012621859747,251.9059720149106
2020-12-22,276.7485118042483,280.5976416191056,393.31003150794106,401.72873537858516,144.7115485724917,183.7090228860107,188.216600622394,188.52616280306748,242.81178566285433,243.19702705030863,269.2586321504587,408.27476787440884,280.82862939829624,265.7303337551535,260.4362923500488,251.8333933027602
2020-12-23,277.4623088179988,281.1977556012095,393.73917453177893,402.18634438336727,142.9541703410296,183.5399790094026,187.98908937514992,188.3264605220695,243.42717563646306,243.69464711881344,270.13029383635194,408.7978716814998,281.5338098848788,266.2900706828678,261.1049076137926,252.32254164814523
2020-12-24,277.61310214047705,281.732538349334,393.992228161659,402.4348665263258,142.86319007023093,183.67711830609994,188.03848873202003,188.43659445057935,243.93848744457628,244.1692298680015,268.82746288350756,409.03421731337556,281.94620593489515,266.4802646675054,261.4014141393264,252.39891804184913
2020-12-25,277.42994393191964,281.3475066705088,394.2079459848595,402.710659985425,142.76556807985725,183.51711042576667,187.77231938094494,188.23651804001022,243.84778765626595,244.02993795129078,270.807216079332,409.0482095039028,283.0437909126016,267.3274118276453,261.93282878486144,252.89914560642453
2020-12-26,277.7930087160686,281.90387379052436,394.43869218890825,402.9741421444956,142.52043101614305,182.9240530757917,187.3408805471979,187.71270855931442,243.53467661194628,244.02121267471057,270.3809757858477,409.6849337007496,283.1540188836328,267.34230986383693,261.79842132210797,252.82628080144806
2020-12-27,278.48618997217875,282.5067669167369,394.86906660501313,403.4331697915119,140.78978183304713,182.75570854367268,187.1144281427721,187.5138679553673,244.15188840103085,244.52051917034385,271.2564195929569,410.20984428932974,283.86503860676044,267.90544266488473,262.4700862799802,253.31735769065313
2020-12-28,278.6309105811235,283.0440377643614,395.12284635887283,403.6824623826138,140.70019318187093,182.89222521274192,187.1630633040629,187.62352667709325,244.66472467245353,244.9967102668601,269.9482738146087,410.4470062502586,284.2808495032266,268.09679087260616,262.7671475937258,253.39403516678473
2020-12-29,278.4413593827491,282.65721223936873,395.33918311916295,403.9591108341736,140.60400727369654,182.73288820883272,186.9011907736862,187.42431355787215,244.5737517166428,244.85694629614787,271.9361896422912,410.46104676929866,285.38752291889847,268.9490754304758,263.2999666208167,253.8962349195063
2020-12-30,278.80152192057847,283.21617006610234,395.5705914974063,404.2234098192133,140.3625152800559,182.14236221169975,186.46528872743917,186.90276421464827,244.25970867056742,244.84819145266525,271.50814727154096,411.09997018786754,285.49866353284887,268.96406262791396,263.1647410856764,253.82308280477162
2020-12-31,279.51790824129205,283.8218790789437,396.0022009882243,404.6838605064232,138.65796844298862,181.97473694658737,186.24079001418207,186.7047815697807,244.87875728833455,245.34919007553665,272.38735103103147,411.6266937981431,286.21557081444644,269.5306112688866,263.8403013592771,254.31609582636182
2021-01-01,279.669049155121,284.3616518685862,396.2567090275871,404.93392593414916,138.56964237785652,182.1106973542419,186.2867353235366,186.81396713514883,245.3931209336775,245.82699496395819,271.07371072191984,411.8646749076271,286.6348248059416,269.72311995004844,264.1397566079106,254.39307563557074
2021-01-02,279.48387030223125,283.97302650919806,396.47366665053005,405.2114320287477,138.47496796181787,181.95202649872098,186.0272572013043,186.61561358233925,245.30187504016834,245.68675733819086,273.0699812843648,411.87876392205214,287.7506620165862,270.5805755972806,264.6765108610154,254.8972553932339
2021-01-03,279.84913240632727,284.5345859320491,396.70573908108923,405.476550372014,138.23717939593462,181.36404704187717,185.5918895223245,186.09631462452745,244.9868946228436,245.67797282375489,272.64015976212005,412.5198941583442,287.8627229726454,270.59565444813245,264.54069499673875,254.823814882033
2021-01-04,280.5498460629033,285.1431089229298,397.13858710967526,405.93842851101084,136.5583267303824,181.197134178278,185.36829121869314,185.89918623681052,245.60779005806282,246.18066931385493,273.52302150073837,413.04843705229166,288.5855665790435,271.16564003552645,265.21949301777676,255.31877167722794
2021-01-05,280.69632215167127,285.68539388603335,397.3938254820148,406.1892691712462,136.4712785115004,181.33253359979292,185.4103601987562,186.00790068739977,246.12368432775295,246.6600934660666,272.2038223600056,413.2872401396382,289.008292189776,271.3593166868338,265.5198164890733,255.39605497859
2021-01-06,280.5059554013387,285.29495891488494,397.6114056677397,406.4676355676787,136.3780891093948,181.1745615135861,185.15301264469525,185.81040299213748,246.03216731087025,246.51938058042873,274.20850064719355,413.3013778169667,290.1333690260409,272.2219732552125,266.0584153193439,255.90222252632262
2021-01-07,280.8692239169433,285.85913273864713,397.8441440682591,406.7335758092794,136.14395998125445,180.5890632281338,184.72076705989804,185.29334470975624,245.71624823264943,246.51056629642213,273.77690277204283,413.94472249320836,290.2463578747659,272.2371431286002,265.92180089030256,255.82849245777822
2021-01-08,281.5887914127793,286.4704919572645,398.2782342330619,407.19688582533325,134.49051356925736,180.4228722596853,184.49834364068397,185.09706689323414,246.33899377943186,247.014966405047,274.6633862578234,414.47509095457,290.9751869541966,272.8105862772783,266.60438973249063,256.3254006861572
2021-01-09,281.74044578597665,287.0153016678132,398.5342050573336,407.4485041213907,134.40479586391953,180.55768959760306,184.53820781604037,185.2053122618144,246.8564234490076,247.49601530737402,273.3386583620188,414.7147188588716,291.4014129239291,273.0054377058895,266.9068661114319,256.40298869326654
2021-01-10,281.5533720870214,286.6230495072786,398.7524096368545,407.727733486695,134.31301953071335,180.40038701733366,184.28117711584417,185.0086667312382,246.7646350017468,247.35482555087825,275.3517120401224,414.7289053672079,292.53580591875624,273.8733276802119,267.449086975769,256.91115187923174
2021-01-11,281.92095234511385,287.1898494687936,398.98581591185877,407.99449817461243,134.0824457641861,179.81737963663966,183.85455480011018,184.49383945620266,246.4477760493483,247.34598139521373,274.9183214363881,415.3744721319717,292.64973037830066,273.88858985020215,267.3118263214815,256.8371311240615
2021-01-12,282.6287458415741,287.80405245429114,399.42115175320987,408.45924450671214,132.45408399323594,179.65189455080693,183.6327411042597,184.29840854082377,247.07237461024837,247.85209089746976,275.8084692676239,415.90667246621564,293.38459449680346,274.4655116769921,267.99775972764405,257.3359984814925
2021-01-13,282.7768454863534,288.35139812537255,399.6778571186565,408.71164284935514,132.3697002936436,179.78612653600126,183.6719567978371,184.406186851394,247.5913448398979,248.3347700567621,274.47824184645845,416.1471280363656,293.814349813488,274.6615451784341,268.30132006906234,257.4138923868763
2021-01-14,282.5855322081191,287.9573197621364,399.8966878594971,408.9917378588371,132.27928962259824,179.62950254024437,183.41539712368373,184.21038980857668,247.4992832754816,248.19310181349456,276.49965661557155,416.1613635443765,294.95813609674883,275.53469973694604,268.8456909946928,257.9240590734403
2021-01-15,282.9518369318886,288.5267583624542,400.1307639291347,409.25932954895273,132.0521841620367,179.04898145114907,182.99343960182802,183.69778391451794,247.1814815964479,248.18422768543988,276.06445539957156,416.80916007267285,295.07300389719177,275.5500543243339,268.7076510836782,257.8497464791875
2021-01-16,283.67506036982263,289.14382190172677,400.56734903486574,409.72551664984854,130.44851322746482,178.8842064915074,182.77258755978596,183.5031962460662,247.80793866729618,248.69205237371438,276.95832474592504,417.3431986070323,295.81395302587345,276.13047584490886,269.39735114217143,258.35058068872814
2021-01-17,283.8273606569827,289.69371567439936,400.82479105625407,409.9786974573141,130.3654214351449,179.01786970259232,182.81270589992914,183.61050951389217,248.3284541632664,249.1763673145494,275.62257972608876,417.58448470175836,296.2472669124439,276.3276984870331,269.70291372973355,258.4287817029956
2021-01-18,283.6384889784787,289.29780294339434,401.044249768513,410.25966079457345,130.27636529996465,178.8619169319827,182.55629779839762,183.4155572977717,248.2361181616994,249.03421896288518,277.6523944128548,417.5987693786847,297.4005242708851,277.2061499116778,270.2507004971654,258.9409597921872
2021-01-19,284.008486934806,289.86989229923614,401.27899755290196,410.52808205069226,130.0526807458458,178.28387761233608,182.13786495726993,182.90516319985676,247.91737029687403,249.02531476067284,277.21537326074235,418.2488033720371,297.51634323203297,277.22159774416446,270.11199413362306,258.8663542115414
2021-01-20,284.72301220499946,290.48982753286157,401.7168355007676,410.99571438693846,128.47328812837534,178.1198068841312,181.91782188836868,182.7114151398834,248.5456924476712,249.53486044793974,278.11299103791407,418.7846864555868,298.263427758437,277.80554024112485,270.8051504745031,259.3691630283304
2021-01-21,284.87263324950027,291.0422810605292,401.97501628827905,411.24968008496035,128.39144484513656,178.25289551117575,181.95914997500728,182.81826537153538,249.06775761737467,250.02081671405892,276.77168244139347,419.0268059434887,298.7003296823059,278.0039593000584,271.1119620980861,259.4476723599381
2021-01-22,284.680267998401,290.6445252192437,402.1951047667895,411.5315144419163,128.30374079915657,178.09761124157762,181.70370980007453,182.62415433684654,248.97514653541162,249.87818662695452,278.80995879227584,419.0411399591577,299.8631365377777,278.88773951233037,271.6621314345058,259.9618697804569
2021-01-23,285.04955832778035,291.21927777317165,402.43052619457944,411.80076783579136,128.08344444751378,177.52203898540685,181.2868149340785,182.11596249159916,248.65544946220461,249.86925224877615,278.37111420815296,419.69341914568884,299.9799145314642,278.9032809931101,271.522657564364,259.8869700565682
2021-01-24,285.7768202795693,291.8420994111472,402.8696205837181,412.26984988778906,126.52794765461772,177.35866989990785,181.06790133700918,181.9230504173546,249.28564261516973,250.3805247672838,279.272482117563,420.231153149431,300.73318525905404,279.4907657933463,272.2195612320556,260.39176126547534
2021-01-25,285.92987262378523,292.39712473798585,403.12854225940015,412.52460290962125,126.4473312895762,177.49118677720148,181.1102523118048,182.02943961074484,249.80926195555796,250.86812792101173,277.9255706310442,420.4741089090178,301.17370493040033,279.69038848875135,272.5282682804281,260.4705801312284
2021-01-26,285.739277020834,291.9975173364922,403.34926231530915,412.8073109865382,126.36096433461603,177.33656295234587,180.8560243369481,181.83616612795112,249.71637523843802,250.72501446586529,279.9723579151852,420.48849243384177,302.34614035857766,280.57952994213895,273.08171549919285,260.9868048453545
2021-01-27,286.1117754816152,292.5749454211683,403.58535931903725,413.07739909789535,126.1440131015012,176.76345471629335,180.43990070541543,181.33016703307328,249.39572631918313,250.71604980939614,279.5316856184146,421.14302456836526,302.4638853281143,280.5951657381107,272.9415484238469,260.91160981940897
2021-01-28,286.8327668526562,293.2006660637813,404.0257137528485,413.54793535993554,124.61206083190015,176.60078244378653,180.222045215896,181.13808733743934,250.02779576018852,251.22905501139013,280.43680533852483,421.68261588530885,303.22339348167725,281.18621434947437,273.64198405419893,261.41839123643445
2021-01-29,286.9838306073929,293.7582750825105,404.2853784416691,413.8034781463752,124.53266293936083,176.73273349553048,180.2645406554551,181.24401748185963,250.55297393541696,251.7183106339995,279.08426935057656,421.92641080503137,303.6675608573061,281.3870480060005,273.95205695284716,261.49752085608117
2021-01-30,286.79032803841926,293.3568074216522,404.50673188523035,414.08706265188874,124.44760708160437,176.57877100749155,180.01199659528328,181.0515779370851,250.45981078530085,251.57471217270142,281.13959817694007,421.94084401001345,304.8497045864419,282.2815831450619,274.50805587766126,262.0157808562861
2021-01-31,287.1625685026128,293.9369235316404,404.74350640387735,414.3579880684513,124.23394560491893,176.0081135975532,179.59634255114375,180.54776213127943,250.13820733509326,251.56571713535317,280.69709050538177,422.59763687412686,304.96842453779976,282.29731376826095,274.3671251747171,261.94028936355676
2021-02-01,287.89417896174024,294.5655571887507,405.1851244994109,414.82998304875764,122.72519452153165,175.84613701145344,179.37966077971214,180.35651122270207,250.77215840164206,252.08046089280145,281.6059762384983,423.1390919193621,305.73422176596773,282.8919477976968,275.07130963022337,262.4490688352902
2021-02-02,288.04806878952735,295.1257619760092,405.44553433416627,415.0863180481689,122.64700365078879,175.97752572889198,179.4216833928662,180.4619842988606,251.29890011201232,252.57137458443233,280.2478013202067,423.38372889764776,306.1820670504377,283.09399974720685,275.38320930550435,262.52851043434737
2021-02-03,287.8558053283594,294.72242544447704,405.6675229841509,415.37078169931175,122.56323313768027,175.82422030732457,179.17066428455115,180.2703750938227,251.20545960802818,252.42728947331292,282.31169746523545,423.39821195438213,307.373999470062,283.9939613384923,275.9423976770333,263.0488137452352
2021-02-04,288.2308739461487,295.30524206856114,405.9049769617716,415.6425470168252,122.35280494593914,175.25600210249303,178.75620034847645,179.76873315661547,250.88289876153624,252.4182639521151,281.86734509809963,424.05727335656195,307.4937024770458,284.00978740071554,275.80075704931085,262.973024617099
2021-02-05,288.9581307220195,295.93680198371766,406.34786234465304,416.1160052375975,120.86690599177282,175.0947172892244,178.5405587046313,179.5783074590374,251.5187370827538,252.93475215693195,282.78001859263554,424.6005985673364,308.26584085628355,284.6080286053262,276.50854605727704,263.48381002118253
2021-02-06,289.1105769994247,296.49961459289426,406.60901946331387,416.37313490593453,120.78990284728363,175.22554394203706,178.5817337749272,179.68332543909617,252.04704698908625,253.42732953672527,281.41618575473905,424.8460805126245,308.7173945044102,284.81130624679827,276.82190174177947,263.563564829502
2021-02-07,288.91586758681916,296.0944004602969,406.83164514189986,416.6584804281625,120.70739771114648,175.07289333844568,178.33216823547463,179.49254299103808,251.9533282621585,253.28275612654804,283.48868147779694,424.8606135932969,309.91919666917534,285.7167271794881,277.3837722607654,264.08591950699406
2021-02-08,289.29103466968314,296.6799301850054,407.0697805283955,416.93108825041946,120.50015240906528,174.50710295892642,177.91953252983313,178.99306554260312,251.62980710124398,253.27370001819833,283.0424757488954,425.52195136898865,310.0398908716834,285.7326492374539,277.241370301891,264.00983156985944
2021-02-09,290.02724651177715,297.3144301771589,407.5139368356381,417.4060142478769,119.036754391834,174.34650731470947,177.70493624881897,178.80346149539716,252.26753840476195,253.79193858224193,283.95895711912044,426.06715320478486,310.8184229095938,286.3345194947159,277.95292043478815,264.5226308149339
2021-02-10,290.1820429415847,297.87986276675423,407.7758433828268,417.6639410487077,118.96091699921553,174.47677534230897,177.74537259116988,178.9080263430085,252.79742115405278,254.28618528837154,282.58944100747374,426.3134830355599,311.27371562829876,286.53903025824206,278.2680592283824,264.60270006747345
2021-02-11,289.98815349935126,297.4727623114546,407.99910791840904,417.95017117592585,118.87966067747519,174.3247767450756,177.49693830878996,178.71806708463242,252.7034233998942,254.14112192430835,284.67057496321536,426.3280663129511,312.48546926429384,287.4499436673401,278.83306635032557,265.1271141994183
