,1Wc1,1KWc1,MWEc1,CPMc1,CWHc1,YWMc1,YWKc1,MWBWX,BL2c1,AGRc1,WEAc1,NWTc1,LWBc1
2020-09-15,226.9124380573941,226.9124380573941,226.9124380573941,226.45032220808693,226.9124380573941,226.9124380573941,226.9124380573941,226.45032220808693,226.45032220808693,226.45032220808693,226.45032220808693,225.08205231743503,226.45032220808693
2020-09-16,227.4167356929735,227.4167356929735,227.4167356929735,226.9124380573941,227.4167356929735,227.4167356929735,227.4167356929735,226.9124380573941,226.9124380573941,226.9124380573941,226.9124380573941,225.71072615653827,226.9124380573941
2020-09-17,227.8611854332149,227.8611854332149,227.8611854332149,227.4167356929735,227.8611854332149,227.8611854332149,227.8611854332149,227.4167356929735,227.4167356929735,227.4167356929735,227.4167356929735,226.06066785733597,227.4167356929735
2020-09-18,228.26380375955284,228.26380375955284,228.26380375955284,227.8611854332149,228.26380375955284,228.26380375955284,228.26380375955284,227.8611854332149,227.8611854332149,227.8611854332149,227.8611854332149,226.45032220808693,227.8611854332149
2020-09-19,228.82690293338976,228.82690293338976,228.82690293338976,228.26380375955284,228.82690293338976,228.82690293338976,228.82690293338976,228.26380375955284,228.26380375955284,228.26380375955284,228.26380375955284,226.9124380573941,228.26380375955284
2020-09-20,229.10547968010903,229.10547968010903,229.10547968010903,228.82690293338976,229.10547968010903,229.10547968010903,229.10547968010903,228.82690293338976,228.82690293338976,228.82690293338976,228.82690293338976,227.4167356929735,228.82690293338976
2020-09-21,229.41919909323752,229.41919909323752,229.41919909323752,229.10547968010903,229.41919909323752,229.41919909323752,229.41919909323752,229.10547968010903,229.10547968010903,229.10547968010903,229.10547968010903,227.8611854332149,229.10547968010903
2020-09-22,229.80202066485157,229.80202066485157,229.80202066485157,229.41919909323752,229.80202066485157,229.80202066485157,229.80202066485157,229.41919909323752,229.41919909323752,229.41919909323752,229.41919909323752,228.26380375955284,229.41919909323752
2020-09-23,230.2248466832114,230.2248466832114,230.2248466832114,229.80202066485157,230.2248466832114,230.2248466832114,230.2248466832114,229.80202066485157,229.80202066485157,229.80202066485157,229.80202066485157,228.82690293338976,229.80202066485157
2020-09-24,230.58678194887926,230.58678194887926,230.58678194887926,230.2248466832114,230.58678194887926,230.58678194887926,230.58678194887926,230.2248466832114,230.2248466832114,230.2248466832114,230.2248466832114,229.10547968010903,230.2248466832114
2020-09-25,230.90691159803504,230.90691159803504,230.90691159803504,230.58678194887926,230.90691159803504,230.90691159803504,230.90691159803504,230.58678194887926,230.58678194887926,230.58678194887926,230.58678194887926,229.41919909323752,230.58678194887926
2020-09-26,231.3885334513069,231.3885334513069,231.3885334513069,230.90691159803504,231.3885334513069,231.3885334513069,231.3885334513069,230.90691159803504,230.90691159803504,230.90691159803504,230.90691159803504,229.80202066485157,230.90691159803504
2020-09-27,231.5875309435015,231.5875309435015,231.5875309435015,231.3885334513069,231.5875309435015,231.5875309435015,231.5875309435015,231.3885334513069,231.3885334513069,231.3885334513069,231.3885334513069,230.2248466832114,231.3885334513069
2020-09-28,231.82434324196905,231.82434324196905,231.82434324196905,231.5875309435015,231.82434324196905,231.82434324196905,231.82434324196905,231.5875309435015,231.5875309435015,231.5875309435015,231.5875309435015,230.58678194887926,231.5875309435015
2020-09-29,232.13357988019882,232.13357988019882,232.13357988019882,231.82434324196905,232.13357988019882,232.13357988019882,232.13357988019882,231.82434324196905,231.82434324196905,231.82434324196905,231.82434324196905,230.90691159803504,231.82434324196905
2020-09-30,232.48666051848883,232.48666051848883,232.48666051848883,232.13357988019882,232.48666051848883,232.48666051848883,232.48666051848883,232.13357988019882,232.13357988019882,232.13357988019882,232.13357988019882,231.3885334513069,232.13357988019882
2020-10-01,232.7830690900407,232.7830690900407,232.7830690900407,232.48666051848883,232.7830690900407,232.7830690900407,232.7830690900407,232.48666051848883,232.48666051848883,232.48666051848883,232.48666051848883,231.5875309435015,232.48666051848883
2020-10-02,233.04212935197322,233.04212935197322,233.04212935197322,232.7830690900407,233.04212935197322,233.04212935197322,233.04212935197322,232.7830690900407,232.7830690900407,232.7830690900407,232.7830690900407,231.82434324196905,232.7830690900407
2020-10-03,233.4672384040205,233.4672384040205,233.4672384040205,233.04212935197322,233.4672384040205,233.4672384040205,233.4672384040205,233.04212935197322,233.04212935197322,233.04212935197322,233.04212935197322,232.13357988019882,233.04212935197322
2020-10-04,233.6142442803834,233.6142442803834,233.6142442803834,233.4672384040205,233.6142442803834,233.6142442803834,233.6142442803834,233.4672384040205,233.4672384040205,233.4672384040205,233.4672384040205,232.48666051848883,233.4672384040205
2020-10-05,233.8034241737128,233.8034241737128,233.8034241737128,233.6142442803834,233.8034241737128,233.8034241737128,233.8034241737128,233.6142442803834,233.6142442803834,233.6142442803834,233.6142442803834,232.7830690900407,233.6142442803834
2020-10-06,234.06911046813934,234.06911046813934,234.06911046813934,233.8034241737128,234.06911046813934,234.06911046813934,234.06911046813934,233.8034241737128,233.8034241737128,233.8034241737128,233.8034241737128,233.04212935197322,233.8034241737128
2020-10-07,234.3823449442323,234.3823449442323,234.3823449442323,234.06911046813934,234.3823449442323,234.3823449442323,234.3823449442323,234.06911046813934,234.06911046813934,234.06911046813934,234.06911046813934,233.4672384040205,234.06911046813934
2020-10-08,234.64215007040218,234.64215007040218,234.64215007040218,234.3823449442323,234.64215007040218,234.64215007040218,234.64215007040218,234.3823449442323,234.3823449442323,234.3823449442323,234.3823449442323,233.6142442803834,234.3823449442323
2020-10-09,234.86732396935557,234.86732396935557,234.86732396935557,234.64215007040218,234.86732396935557,234.86732396935557,234.86732396935557,234.64215007040218,234.64215007040218,234.64215007040218,234.64215007040218,233.8034241737128,234.64215007040218
2020-10-10,235.26069511485167,235.26069511485167,235.26069511485167,234.86732396935557,235.26069511485167,235.26069511485167,235.26069511485167,234.86732396935557,234.86732396935557,234.86732396935557,234.86732396935557,234.06911046813934,234.86732396935557
2020-10-11,235.3775222934645,235.3775222934645,235.3775222934645,235.26069511485167,235.3775222934645,235.3775222934645,235.3775222934645,235.26069511485167,235.26069511485167,235.26069511485167,235.26069511485167,234.3823449442323,235.26069511485167
2020-10-12,235.5374957715629,235.5374957715629,235.5374957715629,235.3775222934645,235.5374957715629,235.5374957715629,235.5374957715629,235.3775222934645,235.3775222934645,235.3775222934645,235.3775222934645,234.64215007040218,235.3775222934645
2020-10-13,235.77438619502297,235.77438619502297,235.77438619502297,235.5374957715629,235.77438619502297,235.77438619502297,235.77438619502297,235.5374957715629,235.5374957715629,235.5374957715629,235.5374957715629,234.86732396935557,235.5374957715629
2020-10-14,236.05872092300564,236.05872092300564,236.05872092300564,235.77438619502297,236.05872092300564,236.05872092300564,236.05872092300564,235.77438619502297,235.77438619502297,235.77438619502297,235.77438619502297,235.26069511485167,235.77438619502297
2020-10-15,236.28907605583333,236.28907605583333,236.28907605583333,236.05872092300564,236.28907605583333,236.28907605583333,236.28907605583333,236.05872092300564,236.05872092300564,236.05872092300564,236.05872092300564,235.3775222934645,236.05872092300564
2020-10-16,236.48389011772966,236.48389011772966,236.48389011772966,236.28907605583333,236.48389011772966,236.48389011772966,236.48389011772966,236.28907605583333,236.28907605583333,236.28907605583333,236.28907605583333,235.5374957715629,236.28907605583333
2020-10-17,236.84573486730335,236.84573486730335,236.84573486730335,236.48389011772966,236.84573486730335,236.84573486730335,236.84573486730335,236.48389011772966,236.48389011772966,236.48389011772966,236.48389011772966,235.77438619502297,236.48389011772966
2020-10-18,236.92972825173737,236.92972825173737,236.92972825173737,236.84573486730335,236.92972825173737,236.92972825173737,236.92972825173737,236.84573486730335,236.84573486730335,236.84573486730335,236.84573486730335,236.05872092300564,236.84573486730335
2020-10-19,237.0555450060595,237.0555450060595,237.0555450060595,236.92972825173737,237.0555450060595,237.0555450060595,237.0555450060595,236.92972825173737,236.92972825173737,236.92972825173737,236.92972825173737,236.28907605583333,236.92972825173737
2020-10-20,237.25707108062144,237.25707108062144,237.25707108062144,237.0555450060595,237.25707108062144,237.25707108062144,237.25707108062144,237.0555450060595,237.0555450060595,237.0555450060595,237.0555450060595,236.48389011772966,237.0555450060595
2020-10-21,237.50508135967678,237.50508135967678,237.50508135967678,237.25707108062144,237.50508135967678,237.50508135967678,237.50508135967678,237.25707108062144,237.25707108062144,237.25707108062144,237.25707108062144,236.84573486730335,237.25707108062144
2020-10-22,237.6985288078658,237.6985288078658,237.6985288078658,237.50508135967678,237.6985288078658,237.6985288078658,237.6985288078658,237.50508135967678,237.50508135967678,237.50508135967678,237.50508135967678,236.92972825173737,237.50508135967678
2020-10-23,237.856351002585,237.856351002585,237.856351002585,237.6985288078658,237.856351002585,237.856351002585,237.856351002585,237.6985288078658,237.6985288078658,237.6985288078658,237.6985288078658,237.0555450060595,237.6985288078658
2020-10-24,238.18172964532974,238.18172964532974,238.18172964532974,237.856351002585,238.18172964532974,238.18172964532974,238.18172964532974,237.856351002585,237.856351002585,237.856351002585,237.856351002585,237.25707108062144,237.856351002585
2020-10-25,238.23048830961372,238.23048830961372,238.23048830961372,238.18172964532974,238.23048830961372,238.23048830961372,238.23048830961372,238.18172964532974,238.18172964532974,238.18172964532974,238.18172964532974,237.50508135967678,238.18172964532974
2020-10-26,238.3230842851737,238.3230842851737,238.3230842851737,238.23048830961372,238.3230842851737,238.3230842851737,238.3230842851737,238.23048830961372,238.23048830961372,238.23048830961372,238.23048830961372,237.6985288078658,238.23048830961372
2020-10-27,238.49424116817528,238.49424116817528,238.49424116817528,238.3230842851737,238.49424116817528,238.49424116817528,238.49424116817528,238.3230842851737,238.3230842851737,238.3230842851737,238.3230842851737,237.856351002585,238.3230842851737
2020-10-28,238.71560222376112,238.71560222376112,238.71560222376112,238.49424116817528,238.71560222376112,238.71560222376112,238.71560222376112,238.49424116817528,238.49424116817528,238.49424116817528,238.49424116817528,238.18172964532974,238.49424116817528
2020-10-29,238.88699330334526,238.88699330334526,238.88699330334526,238.71560222376112,238.88699330334526,238.88699330334526,238.88699330334526,238.71560222376112,238.71560222376112,238.71560222376112,238.71560222376112,238.23048830961372,238.71560222376112
2020-10-30,239.0282019856324,239.0282019856324,239.0282019856324,238.88699330334526,239.0282019856324,239.0282019856324,239.0282019856324,238.88699330334526,238.88699330334526,238.88699330334526,238.88699330334526,238.3230842851737,238.88699330334526
2020-10-31,239.3432092914547,239.3432092914547,239.3432092914547,239.0282019856324,239.3432092914547,239.3432092914547,239.3432092914547,239.0282019856324,239.0282019856324,239.0282019856324,239.0282019856324,238.49424116817528,239.0282019856324
2020-11-01,239.3885600126403,239.3885600126403,239.3885600126403,239.3432092914547,239.3885600126403,239.3885600126403,239.3885600126403,239.3432092914547,239.3432092914547,239.3432092914547,239.3432092914547,238.71560222376112,239.3432092914547
2020-11-02,239.48532830108206,239.48532830108206,239.48532830108206,239.3885600126403,239.48532830108206,239.48532830108206,239.48532830108206,239.3885600126403,239.3885600126403,239.3885600126403,239.3885600126403,238.88699330334526,239.3885600126403
2020-11-03,239.66872593612882,239.66872593612882,239.66872593612882,239.48532830108206,239.66872593612882,239.66872593612882,239.66872593612882,239.48532830108206,239.48532830108206,239.48532830108206,239.48532830108206,239.0282019856324,239.48532830108206
2020-11-04,239.91073402528087,239.91073402528087,239.91073402528087,239.66872593612882,239.91073402528087,239.91073402528087,239.91073402528087,239.66872593612882,239.66872593612882,239.66872593612882,239.66872593612882,239.3432092914547,239.66872593612882
2020-11-05,240.11134758874,240.11134758874,240.11134758874,239.91073402528087,240.11134758874,240.11134758874,240.11134758874,239.91073402528087,239.91073402528087,239.91073402528087,239.91073402528087,239.3885600126403,239.91073402528087
2020-11-06,240.29034028500777,240.29034028500777,240.29034028500777,240.11134758874,240.29034028500777,240.29034028500777,240.29034028500777,240.11134758874,240.11134758874,240.11134758874,240.11134758874,239.48532830108206,240.11134758874
2020-11-07,240.65148611884797,240.65148611884797,240.65148611884797,240.29034028500777,240.65148611884797,240.65148611884797,240.65148611884797,240.29034028500777,240.29034028500777,240.29034028500777,240.29034028500777,239.66872593612882,240.29034028500777
2020-11-08,240.75092455113585,240.75092455113585,240.75092455113585,240.65148611884797,240.75092455113585,240.75092455113585,240.75092455113585,240.65148611884797,240.65148611884797,240.65148611884797,240.65148611884797,239.91073402528087,240.65148611884797
2020-11-09,240.90912591263123,240.90912591263123,240.90912591263123,240.75092455113585,240.90912591263123,240.90912591263123,240.90912591263123,240.75092455113585,240.75092455113585,240.75092455113585,240.75092455113585,240.11134758874,240.75092455113585
2020-11-10,241.16050466365468,241.16050466365468,241.16050466365468,240.90912591263123,241.16050466365468,241.16050466365468,241.16050466365468,240.90912591263123,240.90912591263123,240.90912591263123,240.90912591263123,240.29034028500777,240.90912591263123
2020-11-11,241.4760612418426,241.4760612418426,241.4760612418426,241.16050466365468,241.4760612418426,241.4760612418426,241.4760612418426,241.16050466365468,241.16050466365468,241.16050466365468,241.16050466365468,240.65148611884797,241.16050466365468
2020-11-12,241.75464179776543,241.75464179776543,241.75464179776543,241.4760612418426,241.75464179776543,241.75464179776543,241.75464179776543,241.4760612418426,241.4760612418426,241.4760612418426,241.4760612418426,240.75092455113585,241.4760612418426
2020-11-13,242.01472278979395,242.01472278979395,242.01472278979395,241.75464179776543,242.01472278979395,242.01472278979395,242.01472278979395,241.75464179776543,241.75464179776543,241.75464179776543,241.75464179776543,240.90912591263123,241.75464179776543
2020-11-14,242.45865686485885,242.45865686485885,242.45865686485885,242.01472278979395,242.45865686485885,242.45865686485885,242.45865686485885,242.01472278979395,242.01472278979395,242.01472278979395,242.01472278979395,241.16050466365468,242.01472278979395
2020-11-15,242.64106591121825,242.64106591121825,242.64106591121825,242.45865686485885,242.64106591121825,242.64106591121825,242.64106591121825,242.45865686485885,242.45865686485885,242.45865686485885,242.45865686485885,241.4760612418426,242.45865686485885
2020-11-16,242.88083754624378,242.88083754624378,242.88083754624378,242.64106591121825,242.88083754624378,242.88083754624378,242.88083754624378,242.64106591121825,242.64106591121825,242.64106591121825,242.64106591121825,241.75464179776543,242.64106591121825
2020-11-17,243.21077185278392,243.21077185278392,243.21077185278392,242.88083754624378,243.21077185278392,243.21077185278392,243.21077185278392,242.88083754624378,242.88083754624378,242.88083754624378,242.88083754624378,242.01472278979395,242.88083754624378
2020-11-18,243.60025830710148,243.60025830710148,243.60025830710148,243.21077185278392,243.60025830710148,243.60025830710148,243.60025830710148,243.21077185278392,243.21077185278392,243.21077185278392,243.21077185278392,242.45865686485885,243.21077185278392
2020-11-19,243.94657134882854,243.94657134882854,243.94657134882854,243.60025830710148,243.94657134882854,243.94657134882854,243.94657134882854,243.60025830710148,243.60025830710148,243.60025830710148,243.60025830710148,242.64106591121825,243.60025830710148
2020-11-20,244.26669068690273,244.26669068690273,244.26669068690273,243.94657134882854,244.26669068690273,244.26669068690273,244.26669068690273,243.94657134882854,243.94657134882854,243.94657134882854,243.94657134882854,242.88083754624378,243.94657134882854
2020-11-21,244.7615818854265,244.7615818854265,244.7615818854265,244.26669068690273,244.7615818854265,244.7615818854265,244.7615818854265,244.26669068690273,244.26669068690273,244.26669068690273,244.26669068690273,243.21077185278392,244.26669068690273
2020-11-22,244.9846222506176,244.9846222506176,244.9846222506176,244.7615818854265,244.9846222506176,244.9846222506176,244.9846222506176,244.7615818854265,244.7615818854265,244.7615818854265,244.7615818854265,243.60025830710148,244.7615818854265
2020-11-23,245.25362745724954,245.25362745724954,245.25362745724954,244.9846222506176,245.25362745724954,245.25362745724954,245.25362745724954,244.9846222506176,244.9846222506176,244.9846222506176,244.9846222506176,243.94657134882854,244.9846222506176
2020-11-24,245.6005249653866,245.6005249653866,245.6005249653866,245.25362745724954,245.6005249653866,245.6005249653866,245.6005249653866,245.25362745724954,245.25362745724954,245.25362745724954,245.25362745724954,244.26669068690273,245.25362745724954
2020-11-25,245.99405348931322,245.99405348931322,245.99405348931322,245.6005249653866,245.99405348931322,245.99405348931322,245.99405348931322,245.6005249653866,245.6005249653866,245.6005249653866,245.6005249653866,244.7615818854265,245.6005249653866
2020-11-26,246.33107638749678,246.33107638749678,246.33107638749678,245.99405348931322,246.33107638749678,246.33107638749678,246.33107638749678,245.99405348931322,245.99405348931322,245.99405348931322,245.99405348931322,244.9846222506176,245.99405348931322
2020-11-27,246.62841460025533,246.62841460025533,246.62841460025533,246.33107638749678,246.62841460025533,246.62841460025533,246.62841460025533,246.33107638749678,246.33107638749678,246.33107638749678,246.33107638749678,245.25362745724954,246.33107638749678
2020-11-28,247.08713433829428,247.08713433829428,247.08713433829428,246.62841460025533,247.08713433829428,247.08713433829428,247.08713433829428,246.62841460025533,246.62841460025533,246.62841460025533,246.62841460025533,245.6005249653866,246.62841460025533
2020-11-29,247.26097433748603,247.26097433748603,247.26097433748603,247.08713433829428,247.26097433748603,247.26097433748603,247.26097433748603,247.08713433829428,247.08713433829428,247.08713433829428,247.08713433829428,245.99405348931322,247.08713433829428
2020-11-30,247.46836805259355,247.46836805259355,247.46836805259355,247.26097433748603,247.46836805259355,247.46836805259355,247.46836805259355,247.26097433748603,247.26097433748603,247.26097433748603,247.26097433748603,246.33107638749678,247.26097433748603
2020-12-01,247.74210691648796,247.74210691648796,247.74210691648796,247.46836805259355,247.74210691648796,247.74210691648796,247.74210691648796,247.46836805259355,247.46836805259355,247.46836805259355,247.46836805259355,246.62841460025533,247.46836805259355
2020-12-02,248.05202414162108,248.05202414162108,248.05202414162108,247.74210691648796,248.05202414162108,248.05202414162108,248.05202414162108,247.74210691648796,247.74210691648796,247.74210691648796,247.74210691648796,247.08713433829428,247.74210691648796
2020-12-03,248.29628728053777,248.29628728053777,248.29628728053777,248.05202414162108,248.29628728053777,248.29628728053777,248.29628728053777,248.05202414162108,248.05202414162108,248.05202414162108,248.05202414162108,247.26097433748603,248.05202414162108
2020-12-04,248.49320564387656,248.49320564387656,248.49320564387656,248.29628728053777,248.49320564387656,248.49320564387656,248.49320564387656,248.29628728053777,248.29628728053777,248.29628728053777,248.29628728053777,247.46836805259355,248.29628728053777
2020-12-05,248.8454883619228,248.8454883619228,248.8454883619228,248.49320564387656,248.8454883619228,248.8454883619228,248.8454883619228,248.49320564387656,248.49320564387656,248.49320564387656,248.49320564387656,247.74210691648796,248.49320564387656
2020-12-06,248.90863858400732,248.90863858400732,248.90863858400732,248.8454883619228,248.90863858400732,248.90863858400732,248.90863858400732,248.8454883619228,248.8454883619228,248.8454883619228,248.8454883619228,248.05202414162108,248.8454883619228
2020-12-07,249.0029399455146,249.0029399455146,249.0029399455146,248.90863858400732,249.0029399455146,249.0029399455146,249.0029399455146,248.90863858400732,248.90863858400732,248.90863858400732,248.90863858400732,248.29628728053777,248.90863858400732
2020-12-08,249.1630822450017,249.1630822450017,249.1630822450017,249.0029399455146,249.1630822450017,249.1630822450017,249.1630822450017,249.0029399455146,249.0029399455146,249.0029399455146,249.0029399455146,248.49320564387656,249.0029399455146
2020-12-09,249.36080666197867,249.36080666197867,249.36080666197867,249.1630822450017,249.36080666197867,249.36080666197867,249.36080666197867,249.1630822450017,249.1630822450017,249.1630822450017,249.1630822450017,248.8454883619228,249.1630822450017
2020-12-10,249.49615960248852,249.49615960248852,249.49615960248852,249.36080666197867,249.49615960248852,249.49615960248852,249.49615960248852,249.36080666197867,249.36080666197867,249.36080666197867,249.36080666197867,248.90863858400732,249.36080666197867
2020-12-11,249.58926213593182,249.58926213593182,249.58926213593182,249.49615960248852,249.58926213593182,249.58926213593182,249.58926213593182,249.49615960248852,249.49615960248852,249.49615960248852,249.49615960248852,249.0029399455146,249.49615960248852
2020-12-12,249.8445316478564,249.8445316478564,249.8445316478564,249.58926213593182,249.8445316478564,249.8445316478564,249.8445316478564,249.58926213593182,249.58926213593182,249.58926213593182,249.58926213593182,249.1630822450017,249.58926213593182
2020-12-13,249.8190419947735,249.8190419947735,249.8190419947735,249.8445316478564,249.8190419947735,249.8190419947735,249.8190419947735,249.8445316478564,249.8445316478564,249.8445316478564,249.8445316478564,249.36080666197867,249.8445316478564
2020-12-14,249.83447901730383,249.83447901730383,249.83447901730383,249.8190419947735,249.83447901730383,249.83447901730383,249.83447901730383,249.8190419947735,249.8190419947735,249.8190419947735,249.8190419947735,249.49615960248852,249.8190419947735
2020-12-15,249.92673899827756,249.92673899827756,249.92673899827756,249.83447901730383,249.92673899827756,249.92673899827756,249.92673899827756,249.83447901730383,249.83447901730383,249.83447901730383,249.83447901730383,249.58926213593182,249.83447901730383
2020-12-16,250.06855094420598,250.06855094420598,250.06855094420598,249.92673899827756,250.06855094420598,250.06855094420598,250.06855094420598,249.92673899827756,249.92673899827756,249.92673899827756,249.92673899827756,249.8445316478564,249.92673899827756
2020-12-17,250.1607122168284,250.1607122168284,250.1607122168284,250.06855094420598,250.1607122168284,250.1607122168284,250.1607122168284,250.06855094420598,250.06855094420598,250.06855094420598,250.06855094420598,249.8190419947735,250.06855094420598
2020-12-18,250.2238448012808,250.2238448012808,250.2238448012808,250.1607122168284,250.2238448012808,250.2238448012808,250.2238448012808,250.1607122168284,250.1607122168284,250.1607122168284,250.1607122168284,249.83447901730383,250.1607122168284
2020-12-19,250.46260903646373,250.46260903646373,250.46260903646373,250.2238448012808,250.46260903646373,250.46260903646373,250.46260903646373,250.2238448012808,250.2238448012808,250.2238448012808,250.2238448012808,249.92673899827756,250.2238448012808
2020-12-20,250.43406117043352,250.43406117043352,250.43406117043352,250.46260903646373,250.43406117043352,250.43406117043352,250.43406117043352,250.46260903646373,250.46260903646373,250.46260903646373,250.46260903646373,250.06855094420598,250.46260903646373
2020-12-21,250.4596115505936,250.4596115505936,250.4596115505936,250.43406117043352,250.4596115505936,250.4596115505936,250.4596115505936,250.43406117043352,250.43406117043352,250.43406117043352,250.43406117043352,250.1607122168284,250.43406117043352
2020-12-22,250.57463086990998,250.57463086990998,250.57463086990998,250.4596115505936,250.57463086990998,250.57463086990998,250.57463086990998,250.4596115505936,250.4596115505936,250.4596115505936,250.4596115505936,250.2238448012808,250.4596115505936
2020-12-23,250.75108507022324,250.75108507022324,250.75108507022324,250.57463086990998,250.75108507022324,250.75108507022324,250.75108507022324,250.57463086990998,250.57463086990998,250.57463086990998,250.57463086990998,250.46260903646373,250.57463086990998
2020-12-24,250.888788050094,250.888788050094,250.888788050094,250.75108507022324,250.888788050094,250.888788050094,250.888788050094,250.75108507022324,250.75108507022324,250.75108507022324,250.75108507022324,250.43406117043352,250.75108507022324
2020-12-25,251.0071789944704,251.0071789944704,251.0071789944704,250.888788050094,251.0071789944704,251.0071789944704,251.0071789944704,250.888788050094,250.888788050094,250.888788050094,250.888788050094,250.4596115505936,250.888788050094
2020-12-26,251.30956060678827,251.30956060678827,251.30956060678827,251.0071789944704,251.30956060678827,251.30956060678827,251.30956060678827,251.0071789944704,251.0071789944704,251.0071789944704,251.0071789944704,250.57463086990998,251.0071789944704
2020-12-27,251.35148400115315,251.35148400115315,251.35148400115315,251.30956060678827,251.35148400115315,251.35148400115315,251.35148400115315,251.30956060678827,251.30956060678827,251.30956060678827,251.30956060678827,250.75108507022324,251.30956060678827
2020-12-28,251.45273641565032,251.45273641565032,251.45273641565032,251.35148400115315,251.45273641565032,251.45273641565032,251.45273641565032,251.35148400115315,251.35148400115315,251.35148400115315,251.35148400115315,250.888788050094,251.35148400115315
2020-12-29,251.64697849299463,251.64697849299463,251.64697849299463,251.45273641565032,251.64697849299463,251.64697849299463,251.64697849299463,251.45273641565032,251.45273641565032,251.45273641565032,251.45273641565032,251.0071789944704,251.45273641565032
2020-12-30,251.90441104549046,251.90441104549046,251.90441104549046,251.64697849299463,251.90441104549046,251.90441104549046,251.90441104549046,251.64697849299463,251.64697849299463,251.64697849299463,251.64697849299463,251.30956060678827,251.64697849299463
2020-12-31,252.12305977548908,252.12305977548908,252.12305977548908,251.90441104549046,252.12305977548908,252.12305977548908,252.12305977548908,251.90441104549046,251.90441104549046,251.90441104549046,251.90441104549046,251.35148400115315,251.90441104549046
2021-01-01,252.32058411619101,252.32058411619101,252.32058411619101,252.12305977548908,252.32058411619101,252.32058411619101,252.32058411619101,252.12305977548908,252.12305977548908,252.12305977548908,252.12305977548908,251.45273641565032,252.12305977548908
2021-01-02,252.6985458596078,252.6985458596078,252.6985458596078,252.32058411619101,252.6985458596078,252.6985458596078,252.6985458596078,252.32058411619101,252.32058411619101,252.32058411619101,252.32058411619101,251.64697849299463,252.32058411619101
2021-01-03,252.81082276720633,252.81082276720633,252.81082276720633,252.6985458596078,252.81082276720633,252.81082276720633,252.81082276720633,252.6985458596078,252.6985458596078,252.6985458596078,252.6985458596078,251.90441104549046,252.6985458596078
2021-01-04,252.97562282512575,252.97562282512575,252.97562282512575,252.81082276720633,252.97562282512575,252.97562282512575,252.97562282512575,252.81082276720633,252.81082276720633,252.81082276720633,252.81082276720633,252.12305977548908,252.81082276720633
2021-01-05,253.22514546295972,253.22514546295972,253.22514546295972,252.97562282512575,253.22514546295972,253.22514546295972,253.22514546295972,252.97562282512575,252.97562282512575,252.97562282512575,252.97562282512575,252.32058411619101,252.97562282512575
2021-01-06,253.5282693045438,253.5282693045438,253.5282693045438,253.22514546295972,253.5282693045438,253.5282693045438,253.5282693045438,253.22514546295972,253.22514546295972,253.22514546295972,253.22514546295972,252.6985458596078,253.22514546295972
2021-01-07,253.78185465634138,253.78185465634138,253.78185465634138,253.5282693045438,253.78185465634138,253.78185465634138,253.78185465634138,253.5282693045438,253.5282693045438,253.5282693045438,253.5282693045438,252.81082276720633,253.5282693045438
2021-01-08,254.00256671754008,254.00256671754008,254.00256671754008,253.78185465634138,254.00256671754008,254.00256671754008,254.00256671754008,253.78185465634138,253.78185465634138,253.78185465634138,253.78185465634138,252.97562282512575,253.78185465634138
2021-01-09,254.39115508216707,254.39115508216707,254.39115508216707,254.00256671754008,254.39115508216707,254.39115508216707,254.39115508216707,254.00256671754008,254.00256671754008,254.00256671754008,254.00256671754008,253.22514546295972,254.00256671754008
2021-01-10,254.5008747138728,254.5008747138728,254.5008747138728,254.39115508216707,254.5008747138728,254.5008747138728,254.5008747138728,254.39115508216707,254.39115508216707,254.39115508216707,254.39115508216707,253.5282693045438,254.39115508216707
2021-01-11,254.64950411698632,254.64950411698632,254.64950411698632,254.5008747138728,254.64950411698632,254.64950411698632,254.64950411698632,254.5008747138728,254.5008747138728,254.5008747138728,254.5008747138728,253.78185465634138,254.5008747138728
2021-01-12,254.869007154742,254.869007154742,254.869007154742,254.64950411698632,254.869007154742,254.869007154742,254.869007154742,254.64950411698632,254.64950411698632,254.64950411698632,254.64950411698632,254.00256671754008,254.64950411698632
2021-01-13,255.1282182768494,255.1282182768494,255.1282182768494,254.869007154742,255.1282182768494,255.1282182768494,255.1282182768494,254.869007154742,254.869007154742,254.869007154742,254.869007154742,254.39115508216707,254.869007154742
2021-01-14,255.32413960837707,255.32413960837707,255.32413960837707,255.1282182768494,255.32413960837707,255.32413960837707,255.32413960837707,255.1282182768494,255.1282182768494,255.1282182768494,255.1282182768494,254.5008747138728,255.1282182768494
2021-01-15,255.47375617276083,255.47375617276083,255.47375617276083,255.32413960837707,255.47375617276083,255.47375617276083,255.47375617276083,255.32413960837707,255.32413960837707,255.32413960837707,255.32413960837707,254.64950411698632,255.32413960837707
2021-01-16,255.77830513972853,255.77830513972853,255.77830513972853,255.47375617276083,255.77830513972853,255.77830513972853,255.77830513972853,255.47375617276083,255.47375617276083,255.47375617276083,255.47375617276083,254.869007154742,255.47375617276083
2021-01-17,255.79168462007195,255.79168462007195,255.79168462007195,255.77830513972853,255.79168462007195,255.79168462007195,255.79168462007195,255.77830513972853,255.77830513972853,255.77830513972853,255.77830513972853,255.1282182768494,255.77830513972853
2021-01-18,255.83245808264468,255.83245808264468,255.83245808264468,255.79168462007195,255.83245808264468,255.83245808264468,255.83245808264468,255.79168462007195,255.79168462007195,255.79168462007195,255.79168462007195,255.32413960837707,255.79168462007195
2021-01-19,255.93350119640783,255.93350119640783,255.93350119640783,255.83245808264468,255.93350119640783,255.93350119640783,255.93350119640783,255.83245808264468,255.83245808264468,255.83245808264468,255.83245808264468,255.47375617276083,255.83245808264468
2021-01-20,256.0646712028881,256.0646712028881,256.0646712028881,255.93350119640783,256.0646712028881,256.0646712028881,256.0646712028881,255.93350119640783,255.93350119640783,255.93350119640783,255.93350119640783,255.77830513972853,255.93350119640783
2021-01-21,256.1240875971403,256.1240875971403,256.1240875971403,256.0646712028881,256.1240875971403,256.1240875971403,256.1240875971403,256.0646712028881,256.0646712028881,256.0646712028881,256.0646712028881,255.79168462007195,256.0646712028881
2021-01-22,256.12993069242964,256.12993069242964,256.12993069242964,256.1240875971403,256.12993069242964,256.12993069242964,256.12993069242964,256.1240875971403,256.1240875971403,256.1240875971403,256.1240875971403,255.83245808264468,256.1240875971403
2021-01-23,256.2846942325806,256.2846942325806,256.2846942325806,256.12993069242964,256.2846942325806,256.2846942325806,256.2846942325806,256.12993069242964,256.12993069242964,256.12993069242964,256.12993069242964,255.93350119640783,256.12993069242964
2021-01-24,256.1435778141095,256.1435778141095,256.1435778141095,256.2846942325806,256.1435778141095,256.1435778141095,256.1435778141095,256.2846942325806,256.2846942325806,256.2846942325806,256.2846942325806,256.0646712028881,256.2846942325806
2021-01-25,256.02647539821976,256.02647539821976,256.02647539821976,256.1435778141095,256.02647539821976,256.02647539821976,256.02647539821976,256.1435778141095,256.1435778141095,256.1435778141095,256.1435778141095,256.1240875971403,256.1435778141095
2021-01-26,255.96760688408472,255.96760688408472,255.96760688408472,256.02647539821976,255.96760688408472,255.96760688408472,255.96760688408472,256.02647539821976,256.02647539821976,256.02647539821976,256.02647539821976,256.12993069242964,256.02647539821976
2021-01-27,255.9381729816723,255.9381729816723,255.9381729816723,255.96760688408472,255.9381729816723,255.9381729816723,255.9381729816723,255.96760688408472,255.96760688408472,255.96760688408472,255.96760688408472,256.2846942325806,255.96760688408472
2021-01-28,255.83762226145782,255.83762226145782,255.83762226145782,255.9381729816723,255.83762226145782,255.83762226145782,255.83762226145782,255.9381729816723,255.9381729816723,255.9381729816723,255.9381729816723,256.1435778141095,255.9381729816723
2021-01-29,255.68543702474778,255.68543702474778,255.68543702474778,255.83762226145782,255.68543702474778,255.68543702474778,255.68543702474778,255.83762226145782,255.83762226145782,255.83762226145782,255.83762226145782,256.02647539821976,255.83762226145782
2021-01-30,255.6853742002793,255.6853742002793,255.6853742002793,255.68543702474778,255.6853742002793,255.6853742002793,255.6853742002793,255.68543702474778,255.68543702474778,255.68543702474778,255.68543702474778,255.96760688408472,255.68543702474778
2021-01-31,255.39384704866663,255.39384704866663,255.39384704866663,255.6853742002793,255.39384704866663,255.39384704866663,255.39384704866663,255.6853742002793,255.6853742002793,255.6853742002793,255.6853742002793,255.9381729816723,255.6853742002793
2021-02-01,255.13190395698274,255.13190395698274,255.13190395698274,255.39384704866663,255.13190395698274,255.13190395698274,255.13190395698274,255.39384704866663,255.39384704866663,255.39384704866663,255.39384704866663,255.83762226145782,255.39384704866663
2021-02-02,254.9348512848538,254.9348512848538,254.9348512848538,255.13190395698274,254.9348512848538,254.9348512848538,254.9348512848538,255.13190395698274,255.13190395698274,255.13190395698274,255.13190395698274,255.68543702474778,255.13190395698274
2021-02-03,254.7749004831396,254.7749004831396,254.7749004831396,254.9348512848538,254.7749004831396,254.7749004831396,254.7749004831396,254.9348512848538,254.9348512848538,254.9348512848538,254.9348512848538,255.6853742002793,254.9348512848538
2021-02-04,254.5524283427034,254.5524283427034,254.5524283427034,254.7749004831396,254.5524283427034,254.5524283427034,254.5524283427034,254.7749004831396,254.7749004831396,254.7749004831396,254.7749004831396,255.39384704866663,254.7749004831396
2021-02-05,254.28775699857925,254.28775699857925,254.28775699857925,254.5524283427034,254.28775699857925,254.28775699857925,254.28775699857925,254.5524283427034,254.5524283427034,254.5524283427034,254.5524283427034,255.13190395698274,254.5524283427034
2021-02-06,254.18538988148273,254.18538988148273,254.18538988148273,254.28775699857925,254.18538988148273,254.18538988148273,254.18538988148273,254.28775699857925,254.28775699857925,254.28775699857925,254.28775699857925,254.9348512848538,254.28775699857925
2021-02-07,253.80238939150456,253.80238939150456,253.80238939150456,254.18538988148273,253.80238939150456,253.80238939150456,253.80238939150456,254.18538988148273,254.18538988148273,254.18538988148273,254.18538988148273,254.7749004831396,254.18538988148273
2021-02-08,253.46035257782142,253.46035257782142,253.46035257782142,253.80238939150456,253.46035257782142,253.46035257782142,253.46035257782142,253.80238939150456,253.80238939150456,253.80238939150456,253.80238939150456,254.5524283427034,253.80238939150456
2021-02-09,253.19503179595486,253.19503179595486,253.19503179595486,253.46035257782142,253.19503179595486,253.19503179595486,253.19503179595486,253.46035257782142,253.46035257782142,253.46035257782142,253.46035257782142,254.28775699857925,253.46035257782142
2021-02-10,252.97898058140433,252.97898058140433,252.97898058140433,253.19503179595486,252.97898058140433,252.97898058140433,252.97898058140433,253.19503179595486,253.19503179595486,253.19503179595486,253.19503179595486,254.18538988148273,253.19503179595486
2021-02-11,252.71281362082814,252.71281362082814,252.71281362082814,252.97898058140433,252.71281362082814,252.71281362082814,252.71281362082814,252.97898058140433,252.97898058140433,252.97898058140433,252.97898058140433,253.80238939150456,252.97898058140433
